ID,X,Y,W,X,Y,Z
0,0.441039,-0.0708709,0,0,0.0388609,0.999245
1,0.355988,2.03985,0,0,0.748567,0.663059
2,0.308446,3.60901,0,0,0.731471,0.681873
3,0.224489,4.96593,0,0,0.727551,0.686053
4,0.305931,1.77363,0,0,0.0491451,0.998792
5,1.69124,1.71737,0,0,0.0644811,0.997919
6,0.450501,0.0340211,0,0,-0.73326,0.679949
7,0.037709,-0.0522506,0,0,0.114096,0.99347
