ID,X,Y,W,X,Y,Z
0,2.65278,0.0821296,0,0,-0.757032,0.653378
1,2.91721,-1.10875,0,0,-0.696091,0.717954
