ID,X,Y,W,X,Y,Z
0,0.0136181,0.118016,0,0,-0.0104603,0.999945
1,0.586434,0.0744333,0,0,-0.0472637,0.998882
2,0.00448571,0.0720688,0,0,-0.0313695,0.999508
