ID,X,Y,W,X,Y,Z
0,0.0485573,-0.0136383,0,0,-0.0112974,0.999936
1,0.355111,2.08024,0,0,0.634615,0.772829
2,0.52618,3.67875,0,0,0.609712,0.792623
3,0.571298,2.2322,0,0,0.639329,0.768934
4,3.33855,1.47258,0,0,0.985498,0.169686
5,0.704881,1.68052,0,0,0.991139,0.13283
6,0.655953,0.10589,0,0,-0.749844,0.661615
7,0.178519,-0.0650729,0,0,-0.0519404,0.99865
